Position,PHI_50,PHI_100,PHI_150,PHI_200,PHI_250,PHI_300,PHI_350,PHI_400,PHI_450
500,0.556,0.508,0.908,0.94,0.954,0.974,0.992,0.997,0.996
510,0.706,0.588,0.929,0.947,0.967,0.981,0.994,0.998,0.997
520,0.776,0.644,0.943,0.953,0.974,0.985,0.995,0.998,0.998
530,0.869,0.673,0.937,0.946,0.974,0.983,0.994,0.997,0.997
540,0.912,0.727,0.949,0.955,0.98,0.987,0.995,0.997,0.997
550,0.902,0.712,0.94,0.946,0.977,0.988,0.995,0.997,0.998
560,0.884,0.679,0.908,0.935,0.968,0.984,0.993,0.995,0.997
570,0.895,0.695,0.9,0.926,0.964,0.983,0.99,0.993,0.996
580,0.929,0.724,0.904,0.918,0.966,0.985,0.988,0.992,0.995
590,0.925,0.729,0.911,0.916,0.964,0.981,0.985,0.989,0.994
600,0.911,0.608,0.86,0.867,0.935,0.956,0.969,0.978,0.986
610,0.927,0.628,0.879,0.881,0.938,0.953,0.968,0.976,0.985
620,0.919,0.605,0.855,0.854,0.916,0.929,0.952,0.965,0.978
630,0.894,0.599,0.824,0.828,0.891,0.891,0.928,0.949,0.968
640,0.935,0.62,0.864,0.876,0.902,0.889,0.923,0.95,0.97
650,0.923,0.611,0.857,0.896,0.883,0.869,0.908,0.941,0.966
660,0.897,0.566,0.834,0.888,0.855,0.835,0.885,0.929,0.953
670,0.867,0.53,0.818,0.88,0.827,0.805,0.858,0.916,0.938
680,0.951,0.745,0.93,0.957,0.913,0.884,0.916,0.954,0.96
690,0.907,0.669,0.9,0.911,0.841,0.794,0.838,0.906,0.913
700,0.898,0.709,0.921,0.877,0.808,0.753,0.805,0.879,0.881
710,0.907,0.731,0.903,0.866,0.778,0.726,0.791,0.85,0.864
720,0.913,0.76,0.894,0.834,0.74,0.701,0.77,0.82,0.846
730,0.931,0.81,0.91,0.786,0.698,0.674,0.738,0.77,0.801
740,0.933,0.82,0.88,0.745,0.636,0.612,0.683,0.708,0.755
750,0.884,0.629,0.617,0.438,0.377,0.397,0.503,0.514,0.589
760,0.909,0.62,0.529,0.343,0.294,0.333,0.421,0.419,0.487
770,0.931,0.576,0.417,0.257,0.221,0.276,0.308,0.322,0.387
780,0.925,0.527,0.296,0.178,0.161,0.212,0.218,0.234,0.291
790,0.92,0.462,0.252,0.148,0.145,0.203,0.193,0.211,0.263
800,0.799,0.13,0.0836,0.0421,0.0443,0.0784,0.0765,0.0969,0.137
810,0.73,0.0535,0.0307,0.0166,0.0199,0.0334,0.0346,0.0481,0.0721
820,0.661,0.0281,0.0151,0.0106,0.0144,0.02,0.0235,0.0338,0.052
830,0.919,0.149,0.0559,0.0332,0.0398,0.042,0.0485,0.0677,0.0907
840,0.764,0.098,0.0433,0.0278,0.0341,0.0343,0.0404,0.0591,0.0737
850,0.614,0.0737,0.0321,0.0212,0.0261,0.0237,0.0293,0.0455,0.0558
860,0.536,0.0631,0.0263,0.0181,0.0223,0.0185,0.0267,0.0385,0.0449
870,0.345,0.0373,0.0224,0.0134,0.0145,0.0135,0.0186,0.0275,0.0293
880,0.113,0.00647,0.00899,0.00554,0.00483,0.00592,0.0089,0.0147,0.0148
890,0.338,0.0481,0.0603,0.0346,0.0217,0.0229,0.0337,0.0425,0.0399
900,0.919,0.391,0.423,0.266,0.156,0.151,0.185,0.196,0.165
910,0.885,0.326,0.421,0.268,0.144,0.137,0.162,0.17,0.145
920,0.857,0.255,0.378,0.206,0.0921,0.0949,0.119,0.12,0.108
930,0.867,0.281,0.403,0.215,0.0981,0.0962,0.118,0.116,0.108
940,0.774,0.221,0.344,0.174,0.0787,0.0751,0.0909,0.0877,0.0819
950,0.611,0.128,0.242,0.114,0.053,0.054,0.0642,0.0644,0.0591
960,0.835,0.283,0.42,0.205,0.11,0.111,0.118,0.109,0.0957
970,0.741,0.196,0.277,0.115,0.0694,0.072,0.0771,0.0778,0.0706
980,0.643,0.127,0.155,0.0633,0.0401,0.0476,0.0462,0.0497,0.0476
990,0.919,0.383,0.278,0.131,0.11,0.111,0.1,0.103,0.0943
1000,0.869,0.314,0.122,0.0619,0.0615,0.0639,0.0612,0.0673,0.0637
1010,0.789,0.206,0.0545,0.0297,0.0369,0.0403,0.0394,0.0445,0.0439
1020,0.682,0.108,0.0252,0.015,0.0238,0.0258,0.0263,0.0317,0.0328
1030,0.508,0.00972,0.00272,0.00221,0.00575,0.00745,0.00954,0.0126,0.0136
1040,0.806,0.0205,0.00873,0.0076,0.013,0.0147,0.0197,0.0232,0.0265
1050,0.23,0.000287,0.000333,0.000438,0.00127,0.00213,0.00414,0.00517,0.00688
1060,0.0504,1.79e-05,3.7e-05,0.000107,0.000307,0.000764,0.00198,0.00273,0.00375
1070,0.00273,1.19e-06,4.53e-06,2.4e-05,7.57e-05,0.000276,0.00119,0.00167,0.00226
1080,0.00516,1.74e-05,7.55e-05,0.00017,0.000339,0.00113,0.00406,0.00534,0.00725
1090,0.00105,4.27e-06,2.93e-05,6.35e-05,0.000181,0.000575,0.00296,0.00381,0.00505
1100,0.0101,0.000243,0.000936,0.000832,0.00149,0.00297,0.0116,0.013,0.0159
1110,0.464,0.146,0.157,0.0615,0.0553,0.0584,0.13,0.131,0.134
1120,0.386,0.118,0.139,0.0449,0.0435,0.0484,0.115,0.115,0.123
1130,0.824,0.618,0.564,0.227,0.186,0.168,0.283,0.296,0.3
1140,0.805,0.589,0.502,0.189,0.149,0.154,0.244,0.284,0.294
1150,0.777,0.552,0.392,0.141,0.118,0.123,0.196,0.239,0.271
1160,0.735,0.592,0.366,0.13,0.11,0.118,0.186,0.245,0.269
1170,0.693,0.622,0.33,0.114,0.0967,0.105,0.167,0.234,0.267
1180,0.595,0.57,0.285,0.0972,0.0871,0.0951,0.152,0.219,0.258
1190,0.464,0.447,0.21,0.0752,0.0755,0.0886,0.14,0.194,0.249
1200,0.348,0.262,0.14,0.057,0.0551,0.0701,0.112,0.157,0.231
1210,0.836,0.662,0.416,0.213,0.175,0.18,0.252,0.323,0.445
1220,0.255,0.164,0.0942,0.0332,0.0425,0.0522,0.0816,0.127,0.2
1230,0.313,0.133,0.0895,0.0357,0.0421,0.0512,0.0782,0.116,0.192
1240,0.355,0.122,0.0871,0.0396,0.0475,0.0534,0.0764,0.108,0.191
1250,0.334,0.122,0.0864,0.0453,0.0529,0.0554,0.0821,0.113,0.176
1260,0.327,0.101,0.0784,0.047,0.0503,0.0537,0.0804,0.109,0.162
1270,0.0504,0.0188,0.0206,0.0154,0.0157,0.0188,0.0297,0.0463,0.0809
1280,0.0126,0.0156,0.0177,0.014,0.0138,0.0166,0.0251,0.042,0.0707
1290,0.079,0.159,0.114,0.0745,0.0702,0.0744,0.0969,0.132,0.2
1300,0.695,0.806,0.583,0.358,0.322,0.304,0.347,0.408,0.489
1310,0.752,0.887,0.707,0.44,0.406,0.37,0.395,0.455,0.525
1320,0.762,0.928,0.784,0.486,0.437,0.4,0.419,0.477,0.533
1330,0.7,0.915,0.793,0.482,0.442,0.418,0.438,0.494,0.54
1340,0.318,0.729,0.51,0.239,0.24,0.211,0.254,0.312,0.352
1350,0.0656,0.349,0.214,0.0821,0.0894,0.0847,0.105,0.149,0.167
1360,0.271,0.582,0.322,0.135,0.134,0.121,0.15,0.189,0.197
1370,0.349,0.56,0.326,0.139,0.131,0.121,0.144,0.183,0.182
1380,0.608,0.681,0.398,0.19,0.167,0.149,0.18,0.202,0.199
1390,0.816,0.794,0.492,0.258,0.216,0.181,0.231,0.229,0.227
1400,0.831,0.783,0.491,0.268,0.218,0.184,0.229,0.224,0.217
1410,0.837,0.833,0.546,0.327,0.27,0.223,0.268,0.246,0.235
1420,0.836,0.868,0.581,0.37,0.313,0.255,0.294,0.263,0.253
1430,0.843,0.881,0.6,0.401,0.353,0.286,0.304,0.276,0.264
1440,0.816,0.879,0.619,0.406,0.373,0.29,0.294,0.28,0.265
1450,0.777,0.903,0.648,0.449,0.421,0.326,0.305,0.298,0.281
1460,0.735,0.909,0.657,0.476,0.435,0.331,0.297,0.292,0.281
1470,0.735,0.933,0.688,0.515,0.48,0.367,0.3,0.312,0.291
1480,0.585,0.904,0.678,0.515,0.488,0.373,0.275,0.296,0.298
1490,0.445,0.873,0.69,0.525,0.489,0.368,0.262,0.293,0.294
1500,0.834,0.992,0.966,0.877,0.848,0.722,0.566,0.577,0.586
1510,0.819,0.991,0.983,0.904,0.886,0.755,0.612,0.617,0.63
1520,0.806,0.99,0.984,0.913,0.893,0.774,0.617,0.619,0.649
1530,0.761,0.985,0.982,0.924,0.902,0.786,0.643,0.635,0.67
1540,0.749,0.979,0.977,0.923,0.894,0.776,0.635,0.627,0.661
1550,0.649,0.963,0.964,0.927,0.875,0.777,0.644,0.63,0.67
1560,0.536,0.956,0.958,0.936,0.87,0.801,0.67,0.659,0.696
1570,0.354,0.914,0.943,0.922,0.846,0.789,0.646,0.647,0.684
1580,0.255,0.893,0.923,0.902,0.812,0.763,0.618,0.618,0.652
1590,0.191,0.867,0.909,0.885,0.798,0.767,0.629,0.614,0.648
1600,0.168,0.859,0.903,0.881,0.797,0.781,0.653,0.634,0.656
1610,0.157,0.85,0.888,0.854,0.794,0.778,0.66,0.65,0.67
1620,0.165,0.849,0.888,0.842,0.82,0.781,0.692,0.679,0.7
1630,0.195,0.848,0.88,0.828,0.827,0.787,0.708,0.696,0.716
1640,0.177,0.833,0.823,0.768,0.818,0.787,0.714,0.72,0.733
1650,0.103,0.784,0.761,0.696,0.785,0.764,0.693,0.698,0.708
1660,0.103,0.727,0.682,0.629,0.748,0.753,0.686,0.696,0.708
1670,0.0987,0.67,0.611,0.576,0.712,0.751,0.683,0.706,0.719
1680,0.0868,0.599,0.521,0.509,0.664,0.741,0.662,0.701,0.715
1690,0.0857,0.468,0.45,0.468,0.629,0.761,0.671,0.717,0.737
1700,0.0413,0.357,0.373,0.407,0.578,0.738,0.652,0.701,0.728
1710,0.0133,0.21,0.287,0.34,0.517,0.698,0.636,0.675,0.716
1720,0.00429,0.136,0.229,0.294,0.493,0.663,0.648,0.671,0.728
1730,6.75e-05,0.0171,0.0556,0.0998,0.231,0.401,0.394,0.428,0.503
1740,8.66e-05,0.0156,0.0511,0.0927,0.218,0.377,0.38,0.414,0.492
1750,0.00533,0.135,0.217,0.301,0.483,0.652,0.674,0.684,0.753
1760,5.58e-05,0.0148,0.0554,0.0993,0.231,0.402,0.427,0.46,0.544
1770,0.000591,0.0282,0.0753,0.124,0.258,0.426,0.436,0.505,0.58
1780,0.0044,0.0718,0.107,0.15,0.306,0.447,0.44,0.557,0.621
1790,0.00655,0.101,0.123,0.161,0.317,0.457,0.444,0.577,0.625
1800,0.195,0.581,0.536,0.517,0.672,0.781,0.744,0.832,0.863
1810,0.236,0.73,0.649,0.6,0.72,0.8,0.773,0.844,0.878
1820,0.238,0.818,0.713,0.648,0.752,0.819,0.786,0.847,0.889
1830,0.242,0.873,0.773,0.698,0.785,0.821,0.792,0.86,0.903
1840,0.233,0.902,0.846,0.751,0.821,0.835,0.796,0.868,0.912
1850,0.233,0.902,0.875,0.778,0.83,0.842,0.802,0.868,0.911
1860,0.195,0.9,0.911,0.815,0.841,0.852,0.811,0.863,0.901
1870,0.207,0.907,0.94,0.873,0.858,0.87,0.835,0.861,0.892
1880,0.00823,0.468,0.628,0.551,0.552,0.602,0.571,0.614,0.665
1890,0.027,0.533,0.659,0.61,0.594,0.635,0.581,0.609,0.657
1900,0.084,0.597,0.709,0.651,0.629,0.664,0.596,0.603,0.649
1910,0.151,0.636,0.72,0.658,0.653,0.69,0.599,0.589,0.64
1920,0.201,0.654,0.726,0.653,0.656,0.685,0.578,0.553,0.615
1930,0.236,0.692,0.716,0.663,0.681,0.694,0.579,0.553,0.598
1940,0.24,0.731,0.714,0.658,0.702,0.697,0.57,0.546,0.575
1950,0.21,0.747,0.701,0.653,0.721,0.711,0.57,0.549,0.551
1960,0.215,0.803,0.692,0.648,0.749,0.719,0.565,0.544,0.506
1970,0.262,0.803,0.697,0.668,0.772,0.738,0.58,0.55,0.502
1980,0.28,0.797,0.722,0.666,0.767,0.735,0.58,0.545,0.495
1990,0.291,0.737,0.705,0.651,0.738,0.714,0.575,0.489,0.444
2000,0.249,0.636,0.657,0.61,0.698,0.689,0.553,0.448,0.408
2010,0.174,0.572,0.648,0.601,0.675,0.685,0.549,0.425,0.387
2020,0.0944,0.48,0.607,0.546,0.629,0.657,0.53,0.395,0.36
2030,0.0277,0.35,0.559,0.464,0.534,0.596,0.481,0.349,0.316
2040,0.0153,0.278,0.529,0.429,0.492,0.565,0.47,0.336,0.301
2050,0.196,0.698,0.867,0.783,0.79,0.827,0.754,0.589,0.532
2060,0.169,0.667,0.84,0.763,0.761,0.804,0.732,0.574,0.51
2070,0.136,0.622,0.77,0.693,0.7,0.744,0.678,0.537,0.479
2080,0.134,0.618,0.746,0.683,0.694,0.718,0.666,0.53,0.475
2090,0.133,0.633,0.732,0.655,0.689,0.693,0.646,0.541,0.485
2100,0.133,0.633,0.71,0.621,0.677,0.663,0.619,0.533,0.477
2110,0.139,0.573,0.641,0.554,0.647,0.605,0.569,0.522,0.46
2120,0.135,0.538,0.601,0.525,0.635,0.584,0.551,0.511,0.466
2130,0.136,0.482,0.535,0.481,0.581,0.541,0.513,0.486,0.452
2140,0.124,0.434,0.484,0.442,0.545,0.509,0.485,0.465,0.442
2150,0.124,0.392,0.433,0.408,0.495,0.476,0.456,0.44,0.434
2160,0.111,0.305,0.349,0.347,0.408,0.421,0.408,0.396,0.417
2170,0.0834,0.238,0.277,0.293,0.329,0.366,0.361,0.359,0.395
2180,0.0404,0.155,0.219,0.236,0.267,0.326,0.326,0.327,0.374
2190,0.0183,0.0953,0.159,0.168,0.208,0.281,0.285,0.298,0.355
2200,0.00921,0.0621,0.137,0.126,0.169,0.254,0.261,0.274,0.337
2210,0.00287,0.0282,0.0834,0.0754,0.121,0.206,0.226,0.243,0.304
2220,0.0971,0.212,0.359,0.274,0.339,0.464,0.498,0.503,0.571
2230,0.0384,0.158,0.275,0.204,0.275,0.409,0.467,0.471,0.542
2240,0.0214,0.127,0.208,0.162,0.233,0.365,0.44,0.445,0.515
2250,0.00429,0.078,0.107,0.0987,0.168,0.287,0.397,0.399,0.475
2260,0.00118,0.0588,0.058,0.0615,0.133,0.241,0.352,0.373,0.448
2270,0.0806,0.372,0.314,0.261,0.403,0.547,0.664,0.663,0.716
2280,0.0897,0.251,0.251,0.234,0.364,0.507,0.632,0.655,0.698
2290,0.0865,0.12,0.166,0.175,0.305,0.454,0.587,0.635,0.657
2300,0.000804,0.00104,0.0081,0.0159,0.0603,0.137,0.245,0.308,0.306
2310,0.000633,0.000862,0.00712,0.0159,0.0554,0.132,0.232,0.286,0.289
2320,8.74e-05,0.000396,0.00501,0.0129,0.049,0.122,0.221,0.26,0.265
2330,2.05e-05,0.000265,0.00441,0.00961,0.0413,0.11,0.201,0.226,0.241
2340,0.00432,0.00899,0.045,0.0753,0.173,0.307,0.465,0.466,0.488
2350,0.373,0.216,0.353,0.391,0.54,0.679,0.795,0.798,0.809
2360,0.369,0.262,0.381,0.41,0.556,0.687,0.786,0.776,0.787
2370,0.367,0.327,0.423,0.438,0.576,0.706,0.791,0.769,0.783
2380,0.371,0.349,0.434,0.453,0.583,0.712,0.771,0.754,0.764
2390,0.374,0.426,0.484,0.49,0.6,0.72,0.745,0.727,0.743
2400,0.373,0.464,0.506,0.505,0.622,0.723,0.743,0.728,0.74
2410,0.366,0.559,0.56,0.544,0.638,0.717,0.712,0.702,0.719
2420,0.367,0.599,0.596,0.57,0.656,0.719,0.696,0.688,0.707
2430,0.358,0.592,0.634,0.596,0.674,0.71,0.683,0.676,0.696
2440,0.36,0.592,0.687,0.629,0.708,0.703,0.69,0.679,0.694
2450,0.361,0.593,0.718,0.653,0.716,0.683,0.673,0.66,0.672
2460,0.362,0.594,0.729,0.666,0.713,0.671,0.657,0.652,0.66
2470,0.361,0.593,0.765,0.689,0.716,0.661,0.653,0.642,0.639
2480,0.329,0.58,0.781,0.703,0.716,0.649,0.633,0.627,0.609
2490,0.293,0.527,0.755,0.707,0.709,0.635,0.618,0.611,0.583
2500,0.266,0.501,0.729,0.723,0.659,0.574,0.569,0.567,0.525
2510,0.28,0.498,0.74,0.746,0.605,0.537,0.531,0.515,0.476
2520,0.279,0.496,0.739,0.745,0.596,0.52,0.53,0.492,0.455
2530,0.207,0.458,0.711,0.707,0.55,0.463,0.478,0.436,0.407
2540,0.251,0.508,0.727,0.677,0.543,0.463,0.474,0.416,0.393
2550,0.25,0.507,0.726,0.632,0.53,0.452,0.464,0.397,0.373
2560,0.252,0.509,0.718,0.585,0.496,0.426,0.426,0.364,0.346
2570,0.251,0.508,0.708,0.556,0.495,0.424,0.42,0.358,0.34
2580,0.274,0.532,0.696,0.548,0.49,0.43,0.401,0.347,0.33
2590,0.277,0.535,0.667,0.501,0.478,0.415,0.381,0.327,0.314
2600,0.275,0.533,0.654,0.472,0.482,0.416,0.377,0.325,0.309
2610,0.28,0.538,0.604,0.413,0.431,0.396,0.346,0.297,0.286
2620,0.281,0.539,0.491,0.347,0.373,0.369,0.305,0.264,0.256
2630,0.266,0.524,0.432,0.307,0.341,0.351,0.286,0.247,0.24
2640,0.167,0.429,0.31,0.233,0.28,0.297,0.24,0.211,0.206
2650,0.15,0.371,0.256,0.214,0.25,0.264,0.219,0.194,0.187
2660,0.157,0.32,0.21,0.186,0.228,0.235,0.203,0.18,0.172
2670,0.168,0.186,0.141,0.145,0.184,0.202,0.177,0.159,0.151
2680,0.135,0.094,0.0972,0.109,0.153,0.154,0.147,0.133,0.128
2690,0.0648,0.0384,0.0657,0.0803,0.112,0.119,0.132,0.119,0.118
2700,0.0308,0.0169,0.0451,0.0614,0.0854,0.101,0.124,0.112,0.114
2710,0.00684,0.00383,0.0204,0.0398,0.0541,0.0684,0.0997,0.0934,0.0945
2720,3.35e-13,3.76e-09,3.06e-06,6.64e-05,0.000282,0.000979,0.00303,0.00413,0.00502
2730,3.3e-08,5.54e-06,0.000307,0.00169,0.00344,0.00805,0.0171,0.0199,0.0205
2740,1e-06,1.79e-05,0.000526,0.00206,0.00393,0.00884,0.0183,0.0229,0.0234
2750,8.07e-07,1.64e-05,0.000497,0.00155,0.00332,0.00773,0.016,0.021,0.0217
2760,0.0273,0.0113,0.0275,0.0273,0.0358,0.0552,0.0782,0.0945,0.0875
2770,0.118,0.0271,0.0394,0.0266,0.0339,0.0552,0.0778,0.0979,0.0932
2780,0.432,0.0595,0.036,0.0283,0.0352,0.0551,0.0762,0.0989,0.107
2790,0.583,0.137,0.0471,0.0347,0.0397,0.0588,0.0787,0.1,0.118
2800,0.61,0.195,0.0463,0.0352,0.039,0.0572,0.0759,0.0993,0.122
2810,0.599,0.33,0.0683,0.0466,0.0478,0.0673,0.0865,0.109,0.142
2820,0.588,0.5,0.108,0.0653,0.0619,0.0806,0.0995,0.124,0.16
2830,0.583,0.437,0.0921,0.0597,0.0573,0.074,0.0948,0.115,0.151
2840,0.585,0.377,0.11,0.069,0.0644,0.0813,0.103,0.124,0.161
2850,0.431,0.321,0.106,0.0679,0.0632,0.08,0.101,0.122,0.162
2860,0.25,0.249,0.115,0.0711,0.0663,0.0828,0.107,0.126,0.165
2870,0.0561,0.145,0.122,0.079,0.0692,0.0855,0.109,0.127,0.168
2880,0.537,0.72,0.7,0.478,0.375,0.372,0.392,0.402,0.462
2890,0.534,0.732,0.799,0.548,0.425,0.412,0.427,0.434,0.49
2900,0.529,0.729,0.826,0.627,0.489,0.463,0.47,0.467,0.517
2910,0.528,0.728,0.825,0.751,0.589,0.547,0.542,0.532,0.55
2920,0.523,0.725,0.823,0.78,0.622,0.571,0.561,0.548,0.555
2930,0.522,0.724,0.822,0.847,0.687,0.629,0.612,0.595,0.578
2940,0.522,0.724,0.822,0.876,0.727,0.664,0.643,0.623,0.591
2950,0.516,0.72,0.82,0.874,0.755,0.687,0.662,0.634,0.596
2960,0.519,0.723,0.822,0.874,0.783,0.713,0.689,0.638,0.6
2970,0.496,0.7,0.808,0.867,0.798,0.73,0.698,0.645,0.599
2980,0.496,0.7,0.808,0.867,0.819,0.751,0.717,0.654,0.608
2990,0.498,0.701,0.809,0.865,0.846,0.773,0.74,0.667,0.615
3000,0.511,0.71,0.816,0.869,0.877,0.81,0.772,0.691,0.633
3010,0.422,0.711,0.813,0.87,0.898,0.829,0.781,0.696,0.64
3020,0.435,0.721,0.819,0.875,0.905,0.86,0.795,0.715,0.658
3030,0.436,0.722,0.82,0.873,0.906,0.869,0.799,0.719,0.656
3040,0.436,0.722,0.82,0.873,0.906,0.901,0.818,0.74,0.678
3050,0.432,0.711,0.819,0.873,0.904,0.92,0.832,0.75,0.691
3060,0.434,0.713,0.816,0.871,0.903,0.922,0.834,0.755,0.694
3070,0.452,0.725,0.824,0.877,0.909,0.917,0.86,0.788,0.73
3080,0.46,0.73,0.828,0.879,0.909,0.906,0.874,0.802,0.745
3090,0.461,0.731,0.828,0.88,0.899,0.892,0.884,0.815,0.759
3100,0.461,0.731,0.828,0.88,0.888,0.883,0.892,0.825,0.77
3110,0.462,0.732,0.829,0.881,0.864,0.863,0.885,0.839,0.787
3120,0.465,0.734,0.827,0.886,0.844,0.847,0.869,0.843,0.79
3130,0.467,0.728,0.828,0.881,0.831,0.836,0.862,0.846,0.793
3140,0.466,0.727,0.828,0.864,0.813,0.822,0.851,0.857,0.807
3150,0.462,0.732,0.829,0.833,0.792,0.805,0.837,0.878,0.829
3160,0.47,0.737,0.833,0.81,0.765,0.785,0.822,0.871,0.84
3170,0.469,0.737,0.832,0.776,0.745,0.768,0.809,0.861,0.852
3180,0.476,0.742,0.816,0.757,0.721,0.752,0.798,0.853,0.859
3190,0.478,0.743,0.801,0.742,0.71,0.744,0.79,0.847,0.859
3200,0.481,0.737,0.756,0.709,0.683,0.724,0.779,0.837,0.863
3210,0.493,0.722,0.711,0.676,0.658,0.705,0.759,0.823,0.869
3220,0.489,0.72,0.623,0.614,0.612,0.667,0.731,0.805,0.852
3230,0.461,0.673,0.565,0.585,0.595,0.654,0.72,0.794,0.847
3240,0.457,0.539,0.484,0.528,0.551,0.619,0.693,0.778,0.83
3250,0.481,0.428,0.42,0.487,0.53,0.592,0.663,0.756,0.814
3260,0.479,0.292,0.338,0.431,0.48,0.559,0.636,0.735,0.797
3270,0.481,0.248,0.311,0.407,0.469,0.543,0.623,0.726,0.789
3280,0.135,0.136,0.233,0.347,0.423,0.501,0.589,0.7,0.769
3290,0.0156,0.0647,0.16,0.283,0.37,0.462,0.558,0.67,0.749
3300,0.364,0.595,0.745,0.83,0.863,0.903,0.933,0.962,0.981
3310,0.333,0.598,0.742,0.829,0.863,0.903,0.931,0.961,0.974
3320,0.324,0.591,0.736,0.825,0.859,0.9,0.929,0.961,0.959
3330,0.324,0.591,0.736,0.825,0.859,0.9,0.929,0.957,0.935
3340,0.355,0.587,0.739,0.825,0.86,0.9,0.93,0.945,0.919
3350,0.349,0.595,0.74,0.825,0.858,0.896,0.927,0.935,0.905
3360,0.348,0.593,0.739,0.827,0.86,0.897,0.928,0.917,0.884
3370,0.349,0.595,0.74,0.825,0.858,0.896,0.927,0.899,0.863
3380,0.349,0.594,0.74,0.827,0.86,0.896,0.927,0.892,0.854
3390,0.357,0.601,0.745,0.828,0.861,0.899,0.916,0.869,0.828
3400,0.356,0.6,0.744,0.831,0.863,0.898,0.902,0.852,0.81
3410,0.358,0.602,0.74,0.829,0.862,0.9,0.868,0.816,0.775
3420,0.36,0.591,0.742,0.83,0.863,0.902,0.854,0.792,0.753
3430,0.362,0.593,0.743,0.828,0.862,0.904,0.823,0.758,0.718
3440,0.323,0.589,0.734,0.827,0.858,0.88,0.781,0.713,0.673
3450,0.323,0.59,0.735,0.827,0.859,0.859,0.747,0.682,0.64
3460,0.323,0.59,0.735,0.827,0.859,0.848,0.735,0.67,0.628
3470,0.355,0.587,0.739,0.825,0.86,0.791,0.671,0.608,0.569
3480,0.353,0.545,0.719,0.812,0.85,0.723,0.61,0.55,0.517
3490,0.284,0.523,0.71,0.799,0.806,0.652,0.543,0.49,0.462
3500,0.284,0.523,0.71,0.799,0.721,0.566,0.467,0.422,0.399
3510,0.286,0.526,0.694,0.763,0.625,0.489,0.401,0.366,0.347
3520,0.286,0.526,0.694,0.752,0.517,0.4,0.328,0.303,0.289
3530,0.285,0.526,0.656,0.65,0.43,0.333,0.275,0.257,0.248
3540,0.28,0.505,0.643,0.55,0.364,0.282,0.234,0.222,0.215
3550,0.282,0.507,0.646,0.452,0.293,0.229,0.193,0.186,0.186
3560,0.28,0.505,0.643,0.378,0.247,0.198,0.169,0.165,0.163
3570,0.281,0.506,0.644,0.337,0.215,0.175,0.151,0.15,0.149
3580,0.28,0.505,0.623,0.298,0.198,0.162,0.141,0.141,0.14
3590,0.273,0.499,0.47,0.221,0.147,0.125,0.112,0.114,0.116
3600,0.276,0.501,0.347,0.163,0.115,0.101,0.093,0.0968,0.102
3610,0.273,0.499,0.252,0.12,0.0874,0.0809,0.0765,0.0815,0.0845
3620,0.276,0.501,0.137,0.0716,0.0586,0.058,0.0573,0.0633,0.0691
3630,0.276,0.391,0.0785,0.0459,0.0413,0.0437,0.045,0.0512,0.057
3640,0.273,0.256,0.0505,0.0325,0.0317,0.0354,0.0377,0.0438,0.0478
3650,0.271,0.198,0.0376,0.0267,0.0273,0.0313,0.0339,0.0403,0.0442
3660,0.262,0.145,0.0319,0.0234,0.0246,0.0288,0.0315,0.0374,0.0415
3670,0.249,0.0865,0.0189,0.016,0.0184,0.0227,0.0257,0.0316,0.0352
3680,0.259,0.0153,0.00604,0.00733,0.0104,0.0147,0.018,0.0222,0.0266
3690,0.0108,0.000561,0.000855,0.00207,0.00425,0.00719,0.00999,0.0134,0.0169
3700,7.52e-09,2e-06,4.45e-05,0.000301,0.00111,0.00269,0.00431,0.00651,0.00866
3710,4.06e-10,7.53e-07,2.73e-05,0.000246,0.000899,0.00229,0.00392,0.00583,0.00797
3720,1.0,1.0,1.0,1.0,1.0,1.0,1.0,1.0,1.0
3730,1.0,1.0,1.0,1.0,1.0,1.0,1.0,1.0,1.0
3740,1.0,1.0,1.0,1.0,1.0,1.0,1.0,1.0,1.0
3750,0.318,0.247,0.19,0.147,0.109,0.0773,0.0536,0.0338,0.02
3760,0.318,0.247,0.19,0.146,0.108,0.0785,0.0531,0.0345,0.0197
3770,0.318,0.247,0.19,0.146,0.108,0.0785,0.0531,0.0345,0.0197
3780,0.318,0.247,0.189,0.146,0.107,0.078,0.0526,0.0341,0.0194
3790,0.318,0.247,0.189,0.146,0.107,0.078,0.0526,0.0341,0.0194
3800,0.319,0.248,0.191,0.145,0.108,0.0784,0.0532,0.0336,0.02
3810,0.319,0.248,0.191,0.145,0.109,0.0778,0.0527,0.0343,0.0196
3820,0.323,0.246,0.191,0.145,0.109,0.0787,0.053,0.0343,0.0194
3830,0.318,0.247,0.19,0.146,0.108,0.0785,0.0531,0.0345,0.0197
3840,0.323,0.246,0.192,0.145,0.109,0.0775,0.0535,0.0336,0.0198
3850,0.319,0.248,0.191,0.145,0.109,0.0778,0.0527,0.0343,0.0196
3860,0.319,0.245,0.192,0.146,0.108,0.0771,0.0537,0.0341,0.0196
3870,0.319,0.245,0.192,0.146,0.108,0.0771,0.0537,0.0341,0.0196
3880,0.319,0.248,0.191,0.145,0.108,0.0784,0.0532,0.0336,0.02
3890,0.319,0.248,0.191,0.145,0.109,0.0778,0.0527,0.0343,0.0196
3900,0.318,0.247,0.19,0.146,0.108,0.0785,0.0531,0.0345,0.0197
3910,0.322,0.248,0.19,0.145,0.109,0.0784,0.0539,0.0336,0.0196
3920,5.7e-05,0.000274,0.00202,0.00535,0.012,0.0183,0.0265,0.0344,0.041
3930,0.000254,0.000414,0.00252,0.00619,0.0133,0.0216,0.0286,0.0367,0.0431
3940,0.00286,0.0011,0.00415,0.00851,0.016,0.0249,0.0322,0.0408,0.0476
3950,0.00792,0.00161,0.00486,0.00922,0.0167,0.0256,0.0326,0.0411,0.0477
3960,0.261,0.012,0.0147,0.0191,0.028,0.0359,0.0459,0.055,0.0622
3970,0.000177,0.000105,0.000253,0.000787,0.00198,0.00375,0.00604,0.00916,0.0118
3980,0.00126,0.000479,0.0006,0.00147,0.00294,0.00511,0.00803,0.0115,0.0147
3990,0.00612,0.0017,0.00123,0.00228,0.00402,0.00667,0.00968,0.0137,0.017
4000,0.0604,0.0149,0.00489,0.0056,0.00794,0.011,0.0149,0.0194,0.0236
4010,0.192,0.0776,0.0201,0.015,0.0162,0.0196,0.0239,0.0291,0.0341
4020,0.193,0.11,0.0338,0.0221,0.0218,0.0247,0.0287,0.0346,0.0395
4030,0.188,0.246,0.109,0.0561,0.0447,0.044,0.0468,0.0528,0.0583
4040,0.189,0.409,0.242,0.108,0.0768,0.0688,0.0683,0.0733,0.0787
4050,0.2,0.424,0.346,0.188,0.123,0.103,0.0971,0.1,0.105
4060,0.196,0.419,0.444,0.29,0.182,0.145,0.131,0.131,0.134
4070,0.201,0.425,0.499,0.362,0.225,0.174,0.155,0.152,0.155
4080,0.201,0.425,0.586,0.479,0.299,0.226,0.195,0.188,0.188
4090,0.227,0.452,0.621,0.56,0.377,0.282,0.241,0.228,0.227
4100,0.202,0.459,0.638,0.636,0.458,0.346,0.289,0.274,0.267
4110,0.204,0.462,0.608,0.684,0.539,0.403,0.335,0.315,0.305
4120,0.203,0.46,0.639,0.709,0.583,0.437,0.362,0.338,0.326
4130,0.216,0.473,0.65,0.725,0.602,0.463,0.383,0.357,0.344
4140,0.215,0.472,0.648,0.737,0.675,0.547,0.456,0.421,0.404
4150,0.22,0.457,0.623,0.735,0.704,0.608,0.506,0.465,0.445
4160,0.221,0.459,0.624,0.736,0.737,0.663,0.556,0.513,0.488
4170,0.221,0.459,0.624,0.736,0.773,0.729,0.619,0.57,0.542
4180,0.219,0.477,0.621,0.734,0.785,0.777,0.689,0.632,0.6
4190,0.226,0.484,0.658,0.744,0.792,0.809,0.743,0.686,0.652
4200,0.225,0.483,0.657,0.743,0.797,0.819,0.762,0.705,0.672
4210,0.26,0.52,0.686,0.766,0.811,0.854,0.82,0.766,0.733
4220,0.26,0.52,0.686,0.766,0.811,0.87,0.85,0.797,0.765
4230,0.258,0.518,0.684,0.764,0.814,0.871,0.865,0.819,0.788
4240,0.259,0.519,0.685,0.765,0.81,0.869,0.87,0.833,0.801
4250,0.262,0.54,0.714,0.783,0.822,0.88,0.885,0.854,0.823
4260,0.302,0.521,0.697,0.779,0.824,0.876,0.905,0.891,0.861
4270,0.313,0.548,0.712,0.789,0.832,0.889,0.915,0.905,0.878
4280,0.351,0.542,0.7,0.787,0.827,0.889,0.925,0.924,0.899
4290,0.348,0.539,0.697,0.779,0.829,0.886,0.925,0.94,0.928
4300,0.347,0.538,0.696,0.778,0.828,0.888,0.924,0.943,0.935
4310,0.395,0.549,0.729,0.784,0.843,0.894,0.925,0.952,0.949
4320,0.413,0.565,0.741,0.794,0.851,0.897,0.931,0.96,0.965
4330,0.383,0.569,0.72,0.803,0.844,0.898,0.932,0.96,0.971
4340,0.403,0.57,0.726,0.814,0.849,0.898,0.936,0.962,0.976
4350,0.358,0.531,0.716,0.799,0.837,0.893,0.934,0.963,0.98
4360,0.358,0.531,0.716,0.799,0.837,0.893,0.934,0.963,0.982
4370,0.359,0.532,0.717,0.8,0.838,0.894,0.935,0.964,0.982
4380,0.377,0.547,0.729,0.809,0.846,0.897,0.935,0.965,0.983
4390,0.378,0.549,0.73,0.806,0.843,0.898,0.936,0.966,0.984
4400,0.377,0.547,0.729,0.809,0.846,0.897,0.935,0.965,0.983
4410,0.376,0.546,0.728,0.809,0.845,0.899,0.939,0.966,0.983
4420,0.372,0.543,0.725,0.806,0.846,0.9,0.939,0.964,0.981
4430,0.373,0.544,0.726,0.807,0.843,0.898,0.937,0.965,0.98
4440,0.284,0.532,0.718,0.816,0.85,0.898,0.935,0.961,0.976
4450,0.282,0.545,0.723,0.814,0.848,0.903,0.936,0.961,0.974
4460,0.307,0.53,0.703,0.79,0.842,0.894,0.931,0.958,0.972
4470,0.31,0.519,0.706,0.799,0.841,0.89,0.929,0.958,0.961
4480,0.337,0.507,0.687,0.782,0.834,0.883,0.923,0.95,0.949
4490,0.352,0.522,0.693,0.792,0.841,0.889,0.928,0.946,0.939
4500,0.352,0.521,0.698,0.791,0.841,0.889,0.927,0.935,0.914
4510,0.00133,0.0216,0.0944,0.197,0.304,0.422,0.526,0.538,0.493
4520,0.00253,0.027,0.105,0.212,0.312,0.43,0.509,0.504,0.46
4530,0.0074,0.0344,0.118,0.234,0.332,0.435,0.5,0.478,0.435
4540,0.0421,0.0693,0.163,0.27,0.37,0.475,0.515,0.476,0.435
4550,0.187,0.13,0.238,0.314,0.425,0.513,0.515,0.47,0.428
4560,0.0139,0.00797,0.0271,0.0563,0.112,0.174,0.167,0.153,0.139
4570,0.0809,0.0431,0.0619,0.0999,0.158,0.214,0.198,0.174,0.159
4580,0.299,0.163,0.132,0.158,0.226,0.245,0.219,0.191,0.171
4590,0.523,0.335,0.234,0.241,0.3,0.285,0.235,0.204,0.182
4600,0.529,0.437,0.359,0.317,0.364,0.33,0.264,0.226,0.198
4610,0.519,0.527,0.466,0.396,0.418,0.339,0.264,0.224,0.199
4620,0.514,0.677,0.632,0.515,0.503,0.38,0.3,0.253,0.222
4630,0.529,0.689,0.682,0.582,0.527,0.392,0.309,0.256,0.229
4640,0.507,0.645,0.751,0.681,0.561,0.401,0.31,0.252,0.23
4650,0.518,0.652,0.808,0.773,0.613,0.432,0.329,0.268,0.25
4660,0.0301,0.124,0.328,0.351,0.234,0.15,0.112,0.0906,0.088
4670,0.0347,0.134,0.343,0.358,0.235,0.151,0.113,0.0921,0.0897
4680,0.0737,0.159,0.374,0.394,0.259,0.164,0.125,0.102,0.0919
4690,0.145,0.203,0.413,0.414,0.275,0.17,0.129,0.105,0.101
4700,0.179,0.237,0.44,0.411,0.263,0.17,0.126,0.104,0.0991
4710,0.236,0.256,0.438,0.412,0.262,0.167,0.126,0.101,0.0979
4720,0.479,0.376,0.533,0.434,0.295,0.201,0.156,0.125,0.112
4730,0.539,0.445,0.566,0.429,0.294,0.213,0.162,0.133,0.124
4740,0.554,0.479,0.564,0.423,0.293,0.216,0.175,0.145,0.136
4750,0.579,0.583,0.616,0.453,0.339,0.266,0.21,0.173,0.161
4760,0.579,0.644,0.616,0.428,0.339,0.279,0.22,0.181,0.168
4770,0.581,0.685,0.606,0.396,0.324,0.278,0.223,0.184,0.171
4780,0.651,0.74,0.624,0.386,0.318,0.293,0.242,0.202,0.188
4790,0.661,0.747,0.594,0.355,0.305,0.303,0.27,0.222,0.209
4800,0.668,0.643,0.479,0.288,0.252,0.273,0.261,0.219,0.204
4810,0.656,0.592,0.433,0.258,0.229,0.265,0.272,0.227,0.213
4820,0.651,0.565,0.438,0.265,0.24,0.275,0.288,0.246,0.233
4830,0.655,0.442,0.324,0.222,0.202,0.249,0.277,0.253,0.236
4840,0.568,0.359,0.314,0.216,0.2,0.236,0.27,0.245,0.231
4850,0.342,0.207,0.216,0.178,0.166,0.213,0.26,0.252,0.233
4860,0.196,0.11,0.155,0.144,0.144,0.185,0.245,0.245,0.228
4870,0.0987,0.0525,0.107,0.125,0.13,0.172,0.236,0.251,0.243
4880,0.079,0.0414,0.0947,0.115,0.128,0.17,0.234,0.255,0.252
4890,0.0412,0.0266,0.077,0.101,0.118,0.16,0.22,0.247,0.246
4900,0.00931,0.0151,0.0582,0.0832,0.116,0.165,0.221,0.261,0.271
4910,0.00967,0.0152,0.0586,0.0884,0.129,0.171,0.231,0.274,0.293
4920,0.22,0.207,0.344,0.388,0.443,0.482,0.549,0.601,0.629
4930,0.149,0.18,0.335,0.364,0.439,0.494,0.57,0.625,0.667
4940,0.0957,0.149,0.307,0.342,0.434,0.501,0.575,0.628,0.686
4950,0.0815,0.171,0.342,0.361,0.466,0.535,0.595,0.646,0.71
4960,0.000309,0.00594,0.0346,0.058,0.116,0.182,0.235,0.299,0.385
4970,0.0626,0.155,0.303,0.324,0.414,0.516,0.578,0.636,0.717
4980,0.0623,0.155,0.303,0.325,0.423,0.52,0.572,0.639,0.716
4990,0.263,0.29,0.404,0.402,0.49,0.599,0.646,0.696,0.767
5000,0.0395,0.0485,0.0865,0.105,0.173,0.261,0.326,0.384,0.475
5010,0.0673,0.0631,0.101,0.117,0.195,0.276,0.342,0.404,0.497
5020,0.12,0.0724,0.107,0.126,0.203,0.289,0.354,0.42,0.509
5030,0.269,0.156,0.159,0.167,0.245,0.339,0.405,0.467,0.554
5040,0.409,0.272,0.219,0.205,0.275,0.375,0.456,0.5,0.583
5050,0.695,0.529,0.347,0.291,0.352,0.436,0.516,0.573,0.623
5060,0.673,0.694,0.474,0.369,0.412,0.481,0.554,0.628,0.659
5070,0.66,0.769,0.561,0.414,0.447,0.514,0.584,0.665,0.682
5080,0.675,0.836,0.667,0.492,0.508,0.567,0.643,0.711,0.706
5090,0.626,0.834,0.712,0.515,0.523,0.572,0.632,0.701,0.703
5100,0.655,0.849,0.805,0.593,0.579,0.619,0.677,0.727,0.726
